insert into users (id, name, roles, username, password, image_url, biography, nickname) values ('264de307-aa06-4a1a-9d91-23e3794ba927', 'Margeaux Mar', 'ADMIN', 'mmar0', '$2a$10$wRUgPOyTty0nG58cezlXE.tIyf9/d6SUKoZH9HtAjd6cznKdwnCka', 'http://dummyimage.com/191x100.png/5fa2dd/ffffff', 'Bitten by cat, sequela', 'Mar');
insert into users (id, name, roles, username, password, image_url, biography, nickname) values ('6388832f-0b1d-454c-a53e-12a34c07498c', 'Stacee Benoit', 'ADMIN', 'sbenoit1', '$2a$10$wRUgPOyTty0nG58cezlXE.tIyf9/d6SUKoZH9HtAjd6cznKdwnCka', 'http://dummyimage.com/185x100.png/dddddd/000000', 'Unspecified fracture of unspecified toe(s), subsequent encounter for fracture with delayed healing', 'Benoit');
insert into users (id, name, roles, username, password, image_url, biography, nickname) values ('12335c20-f2c2-4ebe-8366-ef44de74ccff', 'Vinnie Rennocks', 'ADMIN', 'vrennocks2', '$2a$10$wRUgPOyTty0nG58cezlXE.tIyf9/d6SUKoZH9HtAjd6cznKdwnCka', 'http://dummyimage.com/126x100.png/ff4444/ffffff', 'Unspecified obstruction of Eustachian tube, bilateral', 'Rennocks');
insert into users (id, name, roles, username, password, image_url, biography, nickname) values ('d301a356-41ff-46f4-a079-feffb33219f1', 'Tootsie Straughan', 'USER', 'tstraughan3', '$2a$10$wRUgPOyTty0nG58cezlXE.tIyf9/d6SUKoZH9HtAjd6cznKdwnCka', 'http://dummyimage.com/139x100.png/cc0000/ffffff', 'Pathological fracture, right finger(s), subsequent encounter for fracture with delayed healing', 'Straughan');
insert into users (id, name, roles, username, password, image_url, biography, nickname) values ('dedd8e83-44c3-4953-a33a-b5621ce7f073', 'Juliann Reedie', 'ADMIN', 'jreedie4', '$2a$10$wRUgPOyTty0nG58cezlXE.tIyf9/d6SUKoZH9HtAjd6cznKdwnCka', 'http://dummyimage.com/137x100.png/dddddd/000000', 'Nondisplaced oblique fracture of shaft of right tibia, subsequent encounter for closed fracture with malunion', 'Reedie');
insert into users (id, name, roles, username, password, image_url, biography, nickname) values ('71aab17d-4b90-4824-b796-20f2b89e2392', 'Aubrie Korba', 'USER', 'akorba5', '$2a$10$wRUgPOyTty0nG58cezlXE.tIyf9/d6SUKoZH9HtAjd6cznKdwnCka', 'http://dummyimage.com/176x100.png/ff4444/ffffff', 'Other injury due to other accident on board (nonpowered) inflatable craft', 'Korba');
insert into users (id, name, roles, username, password, image_url, biography, nickname) values ('dee81b45-ad3b-4861-9dad-419bd9917b86', 'Skelly Watting', 'USER', 'swatting6', '$2a$10$wRUgPOyTty0nG58cezlXE.tIyf9/d6SUKoZH9HtAjd6cznKdwnCka', 'http://dummyimage.com/210x100.png/cc0000/ffffff', 'Complete traumatic amputation of two or more right lesser toes', 'Watting');
insert into users (id, name, roles, username, password, image_url, biography, nickname) values ('6560cd46-4acb-4d0e-b1d0-9a17a4889ae7', 'Shela Shill', 'ADMIN', 'sshill7', '$2a$10$wRUgPOyTty0nG58cezlXE.tIyf9/d6SUKoZH9HtAjd6cznKdwnCka', 'http://dummyimage.com/193x100.png/ff4444/ffffff', 'Other shellfish poisoning, undetermined, subsequent encounter', 'Shill');
insert into users (id, name, roles, username, password, image_url, biography, nickname) values ('2d7f2057-d707-4a8a-a10a-7dd27e27e44a', 'Eudora Canas', 'USER', 'ecanas8', '$2a$10$wRUgPOyTty0nG58cezlXE.tIyf9/d6SUKoZH9HtAjd6cznKdwnCka', 'http://dummyimage.com/110x100.png/cc0000/ffffff', 'Malignant neoplasm of unspecified part of right adrenal gland', 'Canas');
insert into users (id, name, roles, username, password, image_url, biography, nickname) values ('96fdfceb-0462-4d8e-8797-2178799ac837', 'Bernadina Densham', 'USER', 'bdensham9', '$2a$10$wRUgPOyTty0nG58cezlXE.tIyf9/d6SUKoZH9HtAjd6cznKdwnCka', 'http://dummyimage.com/245x100.png/ff4444/ffffff', 'Unspecified physeal fracture of phalanx of right toe, subsequent encounter for fracture with routine healing', 'Densham');

insert into threads (id, user_id, content, like_count, create_at) values ('fc640156-eeaf-47cd-a5f1-2b225a1df401', 'dee81b45-ad3b-4861-9dad-419bd9917b86', 'Attempted application of vacuum extractor and forceps', 1, '2024-06-10');
insert into threads (id, user_id, content, like_count, create_at) values ('46d4175f-9328-446e-8b2d-cd68325206c1', 'dedd8e83-44c3-4953-a33a-b5621ce7f073', 'Other specified injury of other blood vessels at forearm level, unspecified arm, initial encounter', 2, '2024-08-16');
insert into threads (id, user_id, content, like_count, create_at) values ('4358f9c1-92b0-4d7e-b301-cbf5602125be', '6388832f-0b1d-454c-a53e-12a34c07498c', 'Corrosions of other specified parts of eye and adnexa', 3, '2024-06-07');
insert into threads (id, user_id, content, like_count, create_at) values ('5574255e-cf7b-4f8f-9c23-e140b1882dc2', '71aab17d-4b90-4824-b796-20f2b89e2392', 'Congenital absence of both forearm and hand, left upper limb', 4, '2024-04-11');
insert into threads (id, user_id, content, like_count, create_at) values ('8c722781-7792-4496-8da5-d94597518927', '2d7f2057-d707-4a8a-a10a-7dd27e27e44a', 'Torus fracture of upper end of right radius, subsequent encounter for fracture with malunion', 5, '2024-01-30');
insert into threads (id, user_id, content, like_count, create_at) values ('80f18758-e645-4a9b-b5c7-afde7a6e78fe', '2d7f2057-d707-4a8a-a10a-7dd27e27e44a', 'Supervision of pregnancy with other poor reproductive or obstetric history, second trimester', 6, '2023-11-12');
insert into threads (id, user_id, content, like_count, create_at) values ('48da39db-23b9-4131-8759-45ee993b5521', 'dedd8e83-44c3-4953-a33a-b5621ce7f073', 'Puncture wound with foreign body of left middle finger with damage to nail, sequela', 7, '2024-03-15');
insert into threads (id, user_id, content, like_count, create_at) values ('3e48cbfc-5e58-49d4-b5bc-d5f2580f0017', '96fdfceb-0462-4d8e-8797-2178799ac837', 'Blister (nonthermal), right hip, sequela', 8, '2024-07-27');
insert into threads (id, user_id, content, like_count, create_at) values ('6cc1bfa1-f4d3-4c72-a91c-13d9353bcc64', 'dedd8e83-44c3-4953-a33a-b5621ce7f073', 'Laceration of unspecified muscle, fascia and tendon at wrist and hand level, left hand, sequela', 9, '2024-01-22');
insert into threads (id, user_id, content, like_count, create_at) values ('c69dd4ec-e7b6-4e1e-a527-1e058b2e0f96', '2d7f2057-d707-4a8a-a10a-7dd27e27e44a', 'Corrosion of third degree of left elbow, sequela', 10, '2024-05-31');
insert into threads (id, user_id, content, like_count, create_at) values ('3b3d934e-4474-41af-a104-d8e69468bcbc', '264de307-aa06-4a1a-9d91-23e3794ba927', 'Fall into empty swimming pool, initial encounter', 11, '2024-10-10');
insert into threads (id, user_id, content, like_count, create_at) values ('9139c3ce-2fc7-4ffe-99c1-75da1972c6db', 'dedd8e83-44c3-4953-a33a-b5621ce7f073', 'Other lichen planus', 12, '2024-06-29');
insert into threads (id, user_id, content, like_count, create_at) values ('73997070-66c0-415c-83ac-b4b83fcf9654', 'd301a356-41ff-46f4-a079-feffb33219f1', 'Unspecified injury of intrinsic muscle, fascia and tendon of left index finger at wrist and hand level, subsequent encounter', 13, '2024-10-13');
insert into threads (id, user_id, content, like_count, create_at) values ('05a0d106-f61f-42e7-8290-2f1651aec459', 'dedd8e83-44c3-4953-a33a-b5621ce7f073', 'Contusion, laceration, and hemorrhage of cerebellum with loss of consciousness of 6 hours to 24 hours, sequela', 14, '2024-09-20');
insert into threads (id, user_id, content, like_count, create_at) values ('de4d5aed-617f-4321-a738-cf9e452638eb', '264de307-aa06-4a1a-9d91-23e3794ba927', 'Endocrine, nutritional and metabolic diseases complicating pregnancy, childbirth and the puerperium', 15, '2024-09-01');
insert into threads (id, user_id, content, like_count, create_at) values ('4c570ad2-880e-4da5-a7ab-2836af2b693d', '12335c20-f2c2-4ebe-8366-ef44de74ccff', 'Pyridoxine deficiency', 16, '2024-07-29');
insert into threads (id, user_id, content, like_count, create_at) values ('fda340d0-a74a-4568-bf38-cdd2070b0548', '71aab17d-4b90-4824-b796-20f2b89e2392', 'Poisoning by lysergide [LSD], undetermined, sequela', 17, '2024-03-28');
insert into threads (id, user_id, content, like_count, create_at) values ('194b4e77-1c8b-4e9b-a31a-75fa1be4352d', 'dedd8e83-44c3-4953-a33a-b5621ce7f073', 'Familial chondrocalcinosis, unspecified site', 18, '2024-01-21');
insert into threads (id, user_id, content, like_count, create_at) values ('0a0d9d4b-38c9-4b47-9b65-9aba8782dcd9', '96fdfceb-0462-4d8e-8797-2178799ac837', 'Nondisplaced dome fracture of unspecified acetabulum, sequela', 19, '2024-06-24');
insert into threads (id, user_id, content, like_count, create_at) values ('8f2b5e98-ca1a-44af-b173-4eb9080a6b60', '2d7f2057-d707-4a8a-a10a-7dd27e27e44a', 'Obstruction due to foreign body accidentally left in body following removal of catheter or packing, subsequent encounter', 20, '2024-09-27');
insert into threads (id, user_id, content, like_count, create_at) values ('b2b80750-55f2-4a3c-be2b-6d463c64c7c4', '12335c20-f2c2-4ebe-8366-ef44de74ccff', 'Type 1 diabetes mellitus with diabetic macular edema, resolved following treatment, bilateral', 21, '2023-12-08');
insert into threads (id, user_id, content, like_count, create_at) values ('a5658fb0-2d2d-4985-98db-6bb7a1616b68', '2d7f2057-d707-4a8a-a10a-7dd27e27e44a', 'Laceration of right renal vein, initial encounter', 22, '2024-04-04');
insert into threads (id, user_id, content, like_count, create_at) values ('9d42e17b-8aa6-4200-8d03-4e89c2eaa185', 'dedd8e83-44c3-4953-a33a-b5621ce7f073', 'Other physeal fracture of phalanx of left toe, sequela', 23, '2024-04-30');
insert into threads (id, user_id, content, like_count, create_at) values ('cee656eb-bff8-4241-a445-bb879ac820ea', 'dedd8e83-44c3-4953-a33a-b5621ce7f073', 'Nondisplaced fracture of lower epiphysis (separation) of unspecified femur, subsequent encounter for open fracture type IIIA, IIIB, or IIIC with delayed healing', 24, '2024-02-26');
insert into threads (id, user_id, content, like_count, create_at) values ('0fee21d7-1c68-40f5-8dd1-645db899d0f4', 'dee81b45-ad3b-4861-9dad-419bd9917b86', 'Strain of muscle, fascia and tendon of other parts of biceps, left arm', 25, '2024-07-29');
insert into threads (id, user_id, content, like_count, create_at) values ('55f79b88-fbe0-45e0-a8d0-2ffce28cfb11', '12335c20-f2c2-4ebe-8366-ef44de74ccff', 'Nondisplaced fracture of lesser trochanter of unspecified femur, subsequent encounter for open fracture type I or II with delayed healing', 26, '2024-03-12');
insert into threads (id, user_id, content, like_count, create_at) values ('7f586d2b-a8ec-4aae-9849-20a08c1ad698', '6560cd46-4acb-4d0e-b1d0-9a17a4889ae7', 'Displaced fracture of base of neck of left femur, subsequent encounter for closed fracture with routine healing', 27, '2023-12-06');
insert into threads (id, user_id, content, like_count, create_at) values ('0e6f42f0-e3d2-497f-8e9e-4110f2c148c4', '264de307-aa06-4a1a-9d91-23e3794ba927', 'Unspecified Zone I fracture of sacrum', 28, '2023-12-21');
insert into threads (id, user_id, content, like_count, create_at) values ('f575d413-9a14-4f20-b927-92be7b7501f9', '12335c20-f2c2-4ebe-8366-ef44de74ccff', 'Burn of second degree of unspecified elbow, initial encounter', 29, '2024-05-22');
insert into threads (id, user_id, content, like_count, create_at) values ('c57b47ba-25f9-4b0a-b166-06b2e5e1fb23', '264de307-aa06-4a1a-9d91-23e3794ba927', 'Nonpurulent mastitis associated with pregnancy, second trimester', 30, '2024-03-04');
insert into threads (id, user_id, content, like_count, create_at) values ('b1885414-db8b-45f1-a445-d212a4fc9c9c', '2d7f2057-d707-4a8a-a10a-7dd27e27e44a', 'Unspecified fracture of fourth lumbar vertebra, subsequent encounter for fracture with delayed healing', 31, '2024-02-25');
insert into threads (id, user_id, content, like_count, create_at) values ('4dd291f3-ce16-42bb-9ced-d3d976142336', '12335c20-f2c2-4ebe-8366-ef44de74ccff', 'Respiratory failure, unspecified with hypoxia', 32, '2023-12-19');
insert into threads (id, user_id, content, like_count, create_at) values ('6a344c52-b355-490b-9067-5ab9146bd32b', '264de307-aa06-4a1a-9d91-23e3794ba927', 'Laceration without foreign body, unspecified foot, initial encounter', 33, '2024-03-02');
insert into threads (id, user_id, content, like_count, create_at) values ('1216335c-01af-49a3-9c04-081d92e05f44', '96fdfceb-0462-4d8e-8797-2178799ac837', 'Stress fracture, other site, subsequent encounter for fracture with delayed healing', 34, '2024-03-21');
insert into threads (id, user_id, content, like_count, create_at) values ('a55d13c2-246f-40c1-b457-f0287b24c13e', '71aab17d-4b90-4824-b796-20f2b89e2392', 'Nondisplaced transverse fracture of shaft of humerus, right arm, subsequent encounter for fracture with nonunion', 35, '2023-11-07');
insert into threads (id, user_id, content, like_count, create_at) values ('e9182f89-a2d1-4731-b802-9992ee3af949', '12335c20-f2c2-4ebe-8366-ef44de74ccff', 'Collapsed vertebra, not elsewhere classified, lumbar region, initial encounter for fracture', 36, '2024-10-03');
insert into threads (id, user_id, content, like_count, create_at) values ('a28c519f-e5ac-469b-8aeb-881a2d628856', '2d7f2057-d707-4a8a-a10a-7dd27e27e44a', 'Other congenital malformations of uterus', 37, '2024-07-23');
insert into threads (id, user_id, content, like_count, create_at) values ('d459752b-cbcf-468c-9893-73fc923b4355', 'dedd8e83-44c3-4953-a33a-b5621ce7f073', 'Passenger in heavy transport vehicle injured in collision with heavy transport vehicle or bus in traffic accident', 38, '2024-01-28');
insert into threads (id, user_id, content, like_count, create_at) values ('fc79db0c-ab68-447e-add4-b7293fd0df95', 'dee81b45-ad3b-4861-9dad-419bd9917b86', 'Cutaneous abscess, furuncle and carbuncle of foot', 39, '2024-02-16');
insert into threads (id, user_id, content, like_count, create_at) values ('90e6d879-70a8-417e-a242-5a0a4a8e44df', '6560cd46-4acb-4d0e-b1d0-9a17a4889ae7', 'Contusion of left thigh, initial encounter', 40, '2023-12-12');
insert into threads (id, user_id, content, like_count, create_at) values ('e33a0676-80fd-4876-8634-3c7f879cbd78', 'dee81b45-ad3b-4861-9dad-419bd9917b86', 'Displacement of femoral arterial graft (bypass), initial encounter', 41, '2024-03-13');
insert into threads (id, user_id, content, like_count, create_at) values ('2c1a5336-f186-49e4-9f29-406167389d10', '264de307-aa06-4a1a-9d91-23e3794ba927', 'Congenital and hereditary thrombocytopenia purpura', 42, '2024-05-03');
insert into threads (id, user_id, content, like_count, create_at) values ('e377b2a6-b0f3-4663-b61a-0ccccc33ce22', '96fdfceb-0462-4d8e-8797-2178799ac837', 'Monoarthritis, not elsewhere classified, left knee', 43, '2023-10-21');
insert into threads (id, user_id, content, like_count, create_at) values ('6de4f80b-f8b7-43bd-8c80-7b34ad2fceb3', '71aab17d-4b90-4824-b796-20f2b89e2392', 'Other accident on other pedestrian conveyance, subsequent encounter', 44, '2023-12-27');
insert into threads (id, user_id, content, like_count, create_at) values ('b569321f-1a6f-4c87-98cc-89f663056796', 'dee81b45-ad3b-4861-9dad-419bd9917b86', 'Bilateral femoral hernia, with gangrene, not specified as recurrent', 45, '2024-02-03');
insert into threads (id, user_id, content, like_count, create_at) values ('00751b7a-f927-448a-9ba3-29d62e8e1db1', 'd301a356-41ff-46f4-a079-feffb33219f1', 'Walked into furniture, sequela', 46, '2024-09-12');
insert into threads (id, user_id, content, like_count, create_at) values ('62825257-d8c3-4e9b-8d81-2b7119790055', 'dee81b45-ad3b-4861-9dad-419bd9917b86', 'Insect bite (nonvenomous) of left back wall of thorax, subsequent encounter', 47, '2024-03-11');
insert into threads (id, user_id, content, like_count, create_at) values ('2769673e-9594-477a-8d3f-c76a9f1d9459', '264de307-aa06-4a1a-9d91-23e3794ba927', 'Laceration of left renal artery, sequela', 48, '2024-02-23');
insert into threads (id, user_id, content, like_count, create_at) values ('b7c2ef85-bcbf-4918-b7ed-51e6e9665cf6', 'dee81b45-ad3b-4861-9dad-419bd9917b86', 'Gonococcal osteomyelitis', 49, '2024-05-22');
insert into threads (id, user_id, content, like_count, create_at) values ('36e286e5-4517-4ef8-ba11-46d1e8a72338', '2d7f2057-d707-4a8a-a10a-7dd27e27e44a', 'Barracks on military base as the place of occurrence of the external cause', 50, '2023-12-16');
insert into threads (id, user_id, content, like_count, create_at) values ('f8b2aac3-e3ac-41b2-98c2-757d5a5a28cc', '12335c20-f2c2-4ebe-8366-ef44de74ccff', 'Drowning and submersion due to falling or jumping from burning water-skis', 51, '2024-02-05');
insert into threads (id, user_id, content, like_count, create_at) values ('4a85345d-4433-447f-8b35-752963e0fc73', '6560cd46-4acb-4d0e-b1d0-9a17a4889ae7', 'Nondisplaced fracture of lateral malleolus of right fibula, subsequent encounter for open fracture type I or II with delayed healing', 52, '2024-10-10');
insert into threads (id, user_id, content, like_count, create_at) values ('1e4f001b-dd7e-48a8-beb2-78dcac45b760', '71aab17d-4b90-4824-b796-20f2b89e2392', 'Traumatic rupture of unspecified ligament of unspecified wrist, sequela', 53, '2024-07-02');
insert into threads (id, user_id, content, like_count, create_at) values ('18549d13-be15-462b-994c-2628e1b4666a', '6560cd46-4acb-4d0e-b1d0-9a17a4889ae7', 'Corrosion of first degree of nose (septum), initial encounter', 54, '2024-06-27');
insert into threads (id, user_id, content, like_count, create_at) values ('e73d2733-d8d4-4019-a018-b17d857a407a', 'dee81b45-ad3b-4861-9dad-419bd9917b86', 'Nondisplaced bicondylar fracture of right tibia, initial encounter for open fracture type I or II', 55, '2024-09-02');
insert into threads (id, user_id, content, like_count, create_at) values ('950aa36c-bd29-4d0e-8c1f-3b341e237dd9', '96fdfceb-0462-4d8e-8797-2178799ac837', 'Preterm premature rupture of membranes, onset of labor more than 24 hours following rupture, unspecified trimester', 56, '2024-06-03');
insert into threads (id, user_id, content, like_count, create_at) values ('e20c805a-9d7d-4756-9259-22c4bd8ccd22', '6560cd46-4acb-4d0e-b1d0-9a17a4889ae7', 'Jumping or diving into swimming pool striking water surface causing other injury, subsequent encounter', 57, '2024-03-09');
insert into threads (id, user_id, content, like_count, create_at) values ('f3cd7b9c-c4d2-4732-a46a-f4225f8aa827', '264de307-aa06-4a1a-9d91-23e3794ba927', 'Poisoning by loop [high-ceiling] diuretics, intentional self-harm, subsequent encounter', 58, '2024-04-08');
insert into threads (id, user_id, content, like_count, create_at) values ('36c1e713-c651-4835-9135-26f66539655c', 'dee81b45-ad3b-4861-9dad-419bd9917b86', 'Poisoning by electrolytic, caloric and water-balance agents, intentional self-harm, initial encounter', 59, '2023-12-11');
insert into threads (id, user_id, content, like_count, create_at) values ('97e5a79c-347b-49be-9676-2aeeb61ffdfa', '2d7f2057-d707-4a8a-a10a-7dd27e27e44a', 'Displaced fracture of second metatarsal bone, unspecified foot, subsequent encounter for fracture with nonunion', 60, '2023-11-16');
insert into threads (id, user_id, content, like_count, create_at) values ('f6e9026a-8b36-4a89-8876-495059316ab4', '6388832f-0b1d-454c-a53e-12a34c07498c', 'Other contact with shark, subsequent encounter', 61, '2024-01-13');
insert into threads (id, user_id, content, like_count, create_at) values ('c6e390d8-de7c-4748-8ef5-103ac43689cd', '71aab17d-4b90-4824-b796-20f2b89e2392', 'Nondisplaced unspecified fracture of unspecified great toe, subsequent encounter for fracture with routine healing', 62, '2023-12-29');
insert into threads (id, user_id, content, like_count, create_at) values ('80b82fdd-0a65-410d-a747-d3efc9c0e8ae', '71aab17d-4b90-4824-b796-20f2b89e2392', 'Nondisplaced avulsion fracture of right ilium, subsequent encounter for fracture with nonunion', 63, '2024-04-08');
insert into threads (id, user_id, content, like_count, create_at) values ('ddca579f-e378-4338-ad02-5f14821c70ce', 'dedd8e83-44c3-4953-a33a-b5621ce7f073', 'Displaced fracture of base of third metacarpal bone, right hand, subsequent encounter for fracture with nonunion', 64, '2024-04-03');
insert into threads (id, user_id, content, like_count, create_at) values ('8e902510-1316-45ae-80e2-36aa4f2445d5', '6388832f-0b1d-454c-a53e-12a34c07498c', 'Unspecified fracture of upper end of right tibia, initial encounter for open fracture type I or II', 65, '2023-11-27');
insert into threads (id, user_id, content, like_count, create_at) values ('5b87f165-ab04-4ec2-9873-415271570cf8', 'dedd8e83-44c3-4953-a33a-b5621ce7f073', 'Corrosion of third degree of right forearm, initial encounter', 66, '2024-06-13');
insert into threads (id, user_id, content, like_count, create_at) values ('cf3322d8-5ab9-4fc0-a74f-921edaec74c9', 'd301a356-41ff-46f4-a079-feffb33219f1', 'Pedestrian on skateboard injured in collision with other nonmotor vehicle in traffic accident, subsequent encounter', 67, '2024-01-01');
insert into threads (id, user_id, content, like_count, create_at) values ('14c47d82-60df-45cb-96b0-8489c4f47b9d', '6388832f-0b1d-454c-a53e-12a34c07498c', 'Displaced fracture of lateral malleolus of left fibula, initial encounter for open fracture type I or II', 68, '2024-07-26');
insert into threads (id, user_id, content, like_count, create_at) values ('ae821f84-e6ef-45e9-ac3e-7159effa4586', 'd301a356-41ff-46f4-a079-feffb33219f1', 'Nondisplaced fracture of medial malleolus of left tibia, subsequent encounter for open fracture type IIIA, IIIB, or IIIC with routine healing', 69, '2024-04-28');
insert into threads (id, user_id, content, like_count, create_at) values ('8643306b-a9c2-48fd-8daa-8d726244ee9a', '71aab17d-4b90-4824-b796-20f2b89e2392', 'Stress fracture, left femur, subsequent encounter for fracture with routine healing', 70, '2024-04-10');
insert into threads (id, user_id, content, like_count, create_at) values ('fdd667a7-0121-43c1-81df-b5df1436e2e9', '96fdfceb-0462-4d8e-8797-2178799ac837', 'Preterm newborn, unspecified weeks of gestation', 71, '2024-01-07');
insert into threads (id, user_id, content, like_count, create_at) values ('0428aac6-b58b-4085-b9e5-ef84cf81ea93', 'd301a356-41ff-46f4-a079-feffb33219f1', 'Corrosion of mouth and pharynx, subsequent encounter', 72, '2024-03-02');
insert into threads (id, user_id, content, like_count, create_at) values ('e8653f4f-c145-43f1-9c0c-6168c76fa474', '96fdfceb-0462-4d8e-8797-2178799ac837', 'Military operations involving destruction of aircraft due to collision with other aircraft, military personnel', 73, '2024-01-08');
insert into threads (id, user_id, content, like_count, create_at) values ('4990bea0-367b-4078-97ab-4a2f2b4f1dbd', '264de307-aa06-4a1a-9d91-23e3794ba927', 'Multiple fractures of ribs, left side, sequela', 74, '2024-02-21');
insert into threads (id, user_id, content, like_count, create_at) values ('d5a99436-a63a-40a4-a4f4-df303c830bb3', '6560cd46-4acb-4d0e-b1d0-9a17a4889ae7', 'Congenital complete absence of right lower limb', 75, '2024-09-26');
insert into threads (id, user_id, content, like_count, create_at) values ('e6015376-8090-4f43-ae7a-6311ddac4562', '264de307-aa06-4a1a-9d91-23e3794ba927', 'Other methemoglobinemias', 76, '2024-01-22');
insert into threads (id, user_id, content, like_count, create_at) values ('d08a992b-707b-4f84-8fdf-bdc5fd36fd15', '71aab17d-4b90-4824-b796-20f2b89e2392', 'Nondisplaced fracture of intermediate cuneiform of left foot, initial encounter for open fracture', 77, '2024-02-06');
insert into threads (id, user_id, content, like_count, create_at) values ('3e7186f1-02c8-4def-88a6-4c3d34bdb3a5', 'dedd8e83-44c3-4953-a33a-b5621ce7f073', 'Displaced oblique fracture of shaft of unspecified radius, subsequent encounter for open fracture type IIIA, IIIB, or IIIC with nonunion', 78, '2024-06-02');
insert into threads (id, user_id, content, like_count, create_at) values ('055cf562-1eb6-4d43-a7b2-abfef5bd1d91', '96fdfceb-0462-4d8e-8797-2178799ac837', 'Hereditary spherocytosis', 79, '2023-12-21');
insert into threads (id, user_id, content, like_count, create_at) values ('32ce8a3c-c32b-4f3f-8b1d-f7a0a9176541', '96fdfceb-0462-4d8e-8797-2178799ac837', 'Unspecified fracture of skull, initial encounter for open fracture', 80, '2024-03-03');
insert into threads (id, user_id, content, like_count, create_at) values ('5bea0ea7-a73b-4230-8a83-a82ede42a375', '71aab17d-4b90-4824-b796-20f2b89e2392', 'Puncture wound with foreign body of unspecified part of neck, subsequent encounter', 81, '2024-09-17');
insert into threads (id, user_id, content, like_count, create_at) values ('a96704c3-5329-4877-b8b3-c8895dec4aee', 'dedd8e83-44c3-4953-a33a-b5621ce7f073', '3-part fracture of surgical neck of unspecified humerus, initial encounter for open fracture', 82, '2024-07-21');
insert into threads (id, user_id, content, like_count, create_at) values ('372b9f46-2703-4c4a-9f73-bc7d905936b5', '6388832f-0b1d-454c-a53e-12a34c07498c', 'Complete lesion at T7-T10 level of thoracic spinal cord', 83, '2024-07-11');
insert into threads (id, user_id, content, like_count, create_at) values ('0e5d91dc-caf5-4b8f-8d79-d2063991f484', '2d7f2057-d707-4a8a-a10a-7dd27e27e44a', 'Other contact with alligator, subsequent encounter', 84, '2024-04-04');
insert into threads (id, user_id, content, like_count, create_at) values ('9de399a0-ebd2-4ddb-95cc-9d9f91f7eee9', '96fdfceb-0462-4d8e-8797-2178799ac837', 'Non-ABO incompatibility with hemolytic transfusion reaction, unspecified, sequela', 85, '2024-04-23');
insert into threads (id, user_id, content, like_count, create_at) values ('f73060c4-9479-44ac-ab08-206d7f729258', 'dee81b45-ad3b-4861-9dad-419bd9917b86', 'HELLP syndrome (HELLP), third trimester', 86, '2024-10-19');
insert into threads (id, user_id, content, like_count, create_at) values ('cdc2ac1a-f549-4e67-8a4c-b59d960b7321', '264de307-aa06-4a1a-9d91-23e3794ba927', 'Chronic leukemia of unspecified cell type not having achieved remission', 87, '2024-06-17');
insert into threads (id, user_id, content, like_count, create_at) values ('6cd698bb-c92f-4625-9eac-f92638c5b104', '71aab17d-4b90-4824-b796-20f2b89e2392', 'Atherosclerosis of native coronary artery of transplanted heart with unstable angina', 88, '2024-04-23');
insert into threads (id, user_id, content, like_count, create_at) values ('de352615-9d96-4ed6-a667-33f356119eab', '6560cd46-4acb-4d0e-b1d0-9a17a4889ae7', 'Assault by smoke, fire and flames, sequela', 89, '2023-12-19');
insert into threads (id, user_id, content, like_count, create_at) values ('f3cecd5c-4814-4c37-806f-63b8b1ff6771', '6560cd46-4acb-4d0e-b1d0-9a17a4889ae7', 'Fracture of nasal bones', 90, '2024-05-31');
insert into threads (id, user_id, content, like_count, create_at) values ('cfef6cc4-bffc-4661-8f6e-b726918f4086', '264de307-aa06-4a1a-9d91-23e3794ba927', 'Poisoning by unspecified hormone antagonists, undetermined, sequela', 91, '2024-09-11');
insert into threads (id, user_id, content, like_count, create_at) values ('1296b326-5613-41f5-9d02-8a5f8a1fd7bb', '264de307-aa06-4a1a-9d91-23e3794ba927', 'Toxic effect of rodenticides, accidental (unintentional)', 92, '2024-08-06');
insert into threads (id, user_id, content, like_count, create_at) values ('f1d1dd3b-f828-4a41-8b66-4003669920ee', '12335c20-f2c2-4ebe-8366-ef44de74ccff', 'Laceration with foreign body of right ring finger with damage to nail, subsequent encounter', 93, '2023-12-03');
insert into threads (id, user_id, content, like_count, create_at) values ('eeeae9b6-e421-4e52-821b-afee448429df', '12335c20-f2c2-4ebe-8366-ef44de74ccff', 'Abscess of bursa', 94, '2024-03-02');
insert into threads (id, user_id, content, like_count, create_at) values ('b7e4d8ea-050c-4789-aa3d-b69dda5e2655', 'dee81b45-ad3b-4861-9dad-419bd9917b86', 'Galeazzi''s fracture of right radius, initial encounter for open fracture type I or II', 95, '2023-12-21');
insert into threads (id, user_id, content, like_count, create_at) values ('b8d7cae1-b7e6-4d63-bb7b-527cc9ec9670', '6560cd46-4acb-4d0e-b1d0-9a17a4889ae7', 'Sprain of metatarsophalangeal joint of unspecified toe(s), initial encounter', 96, '2024-07-27');
insert into threads (id, user_id, content, like_count, create_at) values ('e0f6d696-b588-4ba1-98fa-4d62844490fe', '96fdfceb-0462-4d8e-8797-2178799ac837', 'Poisoning by ophthalmological drugs and preparations, intentional self-harm, subsequent encounter', 97, '2024-03-16');
insert into threads (id, user_id, content, like_count, create_at) values ('79c889a7-447e-4e2a-9e6a-3e275cdae530', 'dee81b45-ad3b-4861-9dad-419bd9917b86', 'Other contact with orca, subsequent encounter', 98, '2024-02-24');
insert into threads (id, user_id, content, like_count, create_at) values ('d92248b8-6375-49ad-afd4-f11352015bd1', 'dedd8e83-44c3-4953-a33a-b5621ce7f073', 'Dislocation of right ankle joint', 99, '2024-09-24');
insert into threads (id, user_id, content, like_count, create_at) values ('444ef0a4-619c-4359-a130-115c6df27e29', '71aab17d-4b90-4824-b796-20f2b89e2392', 'Kayser-Fleischer ring, unspecified eye', 100, '2023-12-01');

insert into thread_interactions (user_id, thread_id, repost, liked) values ('12335c20-f2c2-4ebe-8366-ef44de74ccff', 'de352615-9d96-4ed6-a667-33f356119eab', false, false);
insert into thread_interactions (user_id, thread_id, repost, liked) values ('dee81b45-ad3b-4861-9dad-419bd9917b86', '444ef0a4-619c-4359-a130-115c6df27e29', true, true);
insert into thread_interactions (user_id, thread_id, repost, liked) values ('6560cd46-4acb-4d0e-b1d0-9a17a4889ae7', 'd92248b8-6375-49ad-afd4-f11352015bd1', true, false);
insert into thread_interactions (user_id, thread_id, repost, liked) values ('dee81b45-ad3b-4861-9dad-419bd9917b86', '79c889a7-447e-4e2a-9e6a-3e275cdae530', true, true);
insert into thread_interactions (user_id, thread_id, repost, liked) values ('96fdfceb-0462-4d8e-8797-2178799ac837', 'e0f6d696-b588-4ba1-98fa-4d62844490fe', false, true);
insert into thread_interactions (user_id, thread_id, repost, liked) values ('dee81b45-ad3b-4861-9dad-419bd9917b86', 'b8d7cae1-b7e6-4d63-bb7b-527cc9ec9670', false, true);
insert into thread_interactions (user_id, thread_id, repost, liked) values ('96fdfceb-0462-4d8e-8797-2178799ac837', 'b7e4d8ea-050c-4789-aa3d-b69dda5e2655', true, false);
insert into thread_interactions (user_id, thread_id, repost, liked) values ('6388832f-0b1d-454c-a53e-12a34c07498c', 'eeeae9b6-e421-4e52-821b-afee448429df', false, false);
insert into thread_interactions (user_id, thread_id, repost, liked) values ('6388832f-0b1d-454c-a53e-12a34c07498c', 'f1d1dd3b-f828-4a41-8b66-4003669920ee', true, false);
insert into thread_interactions (user_id, thread_id, repost, liked) values ('dee81b45-ad3b-4861-9dad-419bd9917b86', '1296b326-5613-41f5-9d02-8a5f8a1fd7bb', false, false);
insert into thread_interactions (user_id, thread_id, repost, liked) values ('96fdfceb-0462-4d8e-8797-2178799ac837', 'cfef6cc4-bffc-4661-8f6e-b726918f4086', false, true);
insert into thread_interactions (user_id, thread_id, repost, liked) values ('2d7f2057-d707-4a8a-a10a-7dd27e27e44a', '372b9f46-2703-4c4a-9f73-bc7d905936b5', true, true);

insert into notifications (id, user_id, thread_id, content, create_at, is_read) values ('bb146147-6b95-4a35-9392-74e78139979b', '12335c20-f2c2-4ebe-8366-ef44de74ccff', 'de352615-9d96-4ed6-a667-33f356119eab', 'Encounter for fitting and adjustment of partial artificial arm, unspecified arm', '2023-12-04', true);
insert into notifications (id, user_id, thread_id, content, create_at, is_read) values ('6f020948-d14e-4c14-b546-49a1a2374788', 'dee81b45-ad3b-4861-9dad-419bd9917b86', '444ef0a4-619c-4359-a130-115c6df27e29', 'Toxic effect of strychnine and its salts', '2024-05-24', true);
insert into notifications (id, user_id, thread_id, content, create_at, is_read) values ('b1ba685c-9b85-4fd1-800f-b57ce7eebb7f', '6560cd46-4acb-4d0e-b1d0-9a17a4889ae7', 'd92248b8-6375-49ad-afd4-f11352015bd1', 'Burn of first degree of right thumb (nail), subsequent encounter', '2023-12-22', true);
insert into notifications (id, user_id, thread_id, content, create_at, is_read) values ('b7a9e305-707f-4250-b4a8-dd26be4db886', 'dee81b45-ad3b-4861-9dad-419bd9917b86', '79c889a7-447e-4e2a-9e6a-3e275cdae530', 'Abrasion of ankle', '2024-10-15', false);
insert into notifications (id, user_id, thread_id, content, create_at, is_read) values ('8158a7c8-7485-455f-b32c-908be3778509', '96fdfceb-0462-4d8e-8797-2178799ac837', 'e0f6d696-b588-4ba1-98fa-4d62844490fe', 'Acute salpingitis', '2024-09-20', false);
insert into notifications (id, user_id, thread_id, content, create_at, is_read) values ('1447b5b2-6307-4b3f-8a57-069f15aed59f', 'dee81b45-ad3b-4861-9dad-419bd9917b86', 'b8d7cae1-b7e6-4d63-bb7b-527cc9ec9670', 'Monoplegia of lower limb following other nontraumatic intracranial hemorrhage affecting left dominant side', '2023-12-11', true);
insert into notifications (id, user_id, thread_id, content, create_at, is_read) values ('9af29896-6be5-49b4-bcec-c9c32933c623', '96fdfceb-0462-4d8e-8797-2178799ac837', 'b7e4d8ea-050c-4789-aa3d-b69dda5e2655', 'Toxic effect of chewing tobacco, assault', '2024-04-05', false);
insert into notifications (id, user_id, thread_id, content, create_at, is_read) values ('21c22026-c8c8-4ecd-8203-55cba6be0ea6', '6388832f-0b1d-454c-a53e-12a34c07498c', 'eeeae9b6-e421-4e52-821b-afee448429df', 'Other synovitis and tenosynovitis, right forearm', '2024-06-03', false);
insert into notifications (id, user_id, thread_id, content, create_at, is_read) values ('b8184188-8dc1-4247-852b-b6f3d5d9d7a0', '6388832f-0b1d-454c-a53e-12a34c07498c', 'f1d1dd3b-f828-4a41-8b66-4003669920ee', 'Kidney dialysis as the cause of abnormal reaction of the patient, or of later complication, without mention of misadventure at the time of the procedure', '2023-12-28', false);
insert into notifications (id, user_id, thread_id, content, create_at, is_read) values ('54790a9b-c31f-4d14-9a74-9e93be8aeb36', 'dee81b45-ad3b-4861-9dad-419bd9917b86', '1296b326-5613-41f5-9d02-8a5f8a1fd7bb', 'Recurrent dislocation, right ankle', '2024-03-06', true);
insert into notifications (id, user_id, thread_id, content, create_at, is_read) values ('b94d8b5f-860b-4b79-b95b-2f36abf0bb43', '96fdfceb-0462-4d8e-8797-2178799ac837', 'cfef6cc4-bffc-4661-8f6e-b726918f4086', 'Other fall on same level due to collision with another person, subsequent encounter', '2023-10-27', false);
insert into notifications (id, user_id, thread_id, content, create_at, is_read) values ('b6f23a3a-cb4f-4f64-a5e6-42a33cdf4710', '2d7f2057-d707-4a8a-a10a-7dd27e27e44a', '372b9f46-2703-4c4a-9f73-bc7d905936b5', 'Asymptomatic premature menopause', '2023-10-28', true);

insert into social_files (id, thread_id, type, url) values ('40766b15-bcfd-448d-8678-58b5e6969c25', 'de352615-9d96-4ed6-a667-33f356119eab', 'IMAGE', 'http://dummyimage.com/156x100.png/cc0000/ffffff');
insert into social_files (id, thread_id, type, url) values ('d72e1b26-df8b-4ef0-9b8a-3a09f70b277d', '444ef0a4-619c-4359-a130-115c6df27e29', 'VIDEO', 'http://dummyimage.com/224x100.png/cc0000/ffffff');
insert into social_files (id, thread_id, type, url) values ('618f9650-34e7-4297-88bb-7d9a7c0df6a4', 'd92248b8-6375-49ad-afd4-f11352015bd1', 'IMAGE', 'http://dummyimage.com/188x100.png/5fa2dd/ffffff');
insert into social_files (id, thread_id, type, url) values ('34ff1f8c-c70f-4b49-bbd9-d00dee5c6b18', '79c889a7-447e-4e2a-9e6a-3e275cdae530', 'VIDEO', 'http://dummyimage.com/220x100.png/cc0000/ffffff');
insert into social_files (id, thread_id, type, url) values ('3fdbc0d3-df08-4264-b254-b61f22bad97d', 'e0f6d696-b588-4ba1-98fa-4d62844490fe', 'VIDEO', 'http://dummyimage.com/238x100.png/5fa2dd/ffffff');
insert into social_files (id, thread_id, type, url) values ('c744dc78-8eff-457a-ace6-a3ac43d1fd3f', 'b8d7cae1-b7e6-4d63-bb7b-527cc9ec9670', 'VIDEO', 'http://dummyimage.com/193x100.png/5fa2dd/ffffff');
insert into social_files (id, thread_id, type, url) values ('79a5919c-728d-4cd3-8eca-3f496eef489b', 'b7e4d8ea-050c-4789-aa3d-b69dda5e2655', 'VIDEO', 'http://dummyimage.com/151x100.png/dddddd/000000');
insert into social_files (id, thread_id, type, url) values ('428ba910-9a73-4bd5-80f9-75e524086702', 'eeeae9b6-e421-4e52-821b-afee448429df', 'IMAGE', 'http://dummyimage.com/107x100.png/ff4444/ffffff');
insert into social_files (id, thread_id, type, url) values ('4e437113-a325-460b-a26d-b16eb804775d', 'f1d1dd3b-f828-4a41-8b66-4003669920ee', 'IMAGE', 'http://dummyimage.com/244x100.png/cc0000/ffffff');
insert into social_files (id, thread_id, type, url) values ('43916ffe-444b-467a-8ad8-5e396216a7b6', '1296b326-5613-41f5-9d02-8a5f8a1fd7bb', 'IMAGE', 'http://dummyimage.com/229x100.png/ff4444/ffffff');
insert into social_files (id, thread_id, type, url) values ('53da4b7b-7f99-4b1d-b99d-c9eca44a0dea', 'cfef6cc4-bffc-4661-8f6e-b726918f4086', 'VIDEO', 'http://dummyimage.com/207x100.png/cc0000/ffffff');
insert into social_files (id, thread_id, type, url) values ('fc52e548-ee80-42b1-8305-c2e21e181539', '372b9f46-2703-4c4a-9f73-bc7d905936b5', 'IMAGE', 'http://dummyimage.com/150x100.png/cc0000/ffffff');

